                  epoch,         train/box_loss,         train/cls_loss,         train/dfl_loss,   metrics/precision(B),      metrics/recall(B),       metrics/mAP50(B),    metrics/mAP50-95(B),           val/box_loss,           val/cls_loss,           val/dfl_loss,                 lr/pg0,                 lr/pg1,                 lr/pg2
                      0,                 3.5566,                 3.6593,                 4.2208,                0.00287,                 0.6213,                0.01681,                0.00403,                 3.5738,                  3.864,                 4.1592,                0.00014,                0.00014,                0.00014
                      1,                 3.5552,                 3.4251,                 4.1271,                0.00284,                0.61538,                0.02311,                0.00508,                 3.5676,                 3.8569,                 4.1517,             0.00029851,             0.00029851,             0.00029851
                      2,                 3.1978,                 3.1698,                 3.9979,                0.00279,                0.60355,                0.05773,                0.01263,                 3.5624,                 3.8332,                 4.1425,             0.00045545,             0.00045545,             0.00045545
                      3,                 3.0354,                 3.1756,                 3.8564,                0.00281,                0.60947,                0.00826,                0.00207,                 3.5531,                 3.7651,                 4.1268,             0.00061079,             0.00061079,             0.00061079
                      4,                 3.1305,                 3.0851,                 3.6808,                 0.0029,                0.62722,                0.01213,                0.00309,                 3.5221,                 3.6574,                 4.0868,             0.00076456,             0.00076456,             0.00076456
                      5,                 2.8113,                 2.8494,                 3.5974,                0.00284,                0.61538,                0.03691,                0.01004,                 3.4468,                 3.6097,                 3.8279,             0.00091674,             0.00091674,             0.00091674
                      6,                 2.9109,                 2.8453,                 3.3517,                 0.0188,                0.56805,                0.04458,                0.01287,                  3.082,                 19.744,                 3.5568,              0.0010673,              0.0010673,              0.0010673
                      7,                 2.9225,                 2.8699,                 3.4267,                0.01412,                0.59172,                0.19881,                0.04995,                 3.0826,                 3.6915,                 3.3733,              0.0012163,              0.0012163,              0.0012163
                      8,                 2.6841,                 2.8003,                 3.2903,                0.00325,                0.70414,                 0.0096,                0.00167,                 3.6835,                 3.5873,                 4.3416,              0.0013638,              0.0013638,              0.0013638
                      9,                 2.7672,                 2.7125,                 3.1901,                0.00444,                 0.7929,                0.05036,                0.01118,                 3.5892,                 3.9984,                 5.3316,              0.0015096,              0.0015096,              0.0015096
                     10,                 2.8154,                 2.7694,                 3.2847,                0.00347,                0.57988,                0.01183,                0.00243,                 3.4264,                 4.8961,                 4.1032,              0.0016539,              0.0016539,              0.0016539
                     11,                 2.7244,                  2.758,                 3.2883,                0.00566,                0.59172,                0.01273,                0.00275,                 3.3659,                 15.625,                 3.8863,              0.0017965,              0.0017965,              0.0017965
                     12,                 2.5761,                 2.5924,                 3.1816,                0.04942,                0.13018,                0.03337,                0.01045,                 2.7904,                 12.224,                 28.142,              0.0018812,              0.0018812,              0.0018812
                     13,                 2.5784,                 2.6451,                  3.104,                0.10804,                0.15976,                0.05212,                0.01379,                 3.2999,                 5.0729,                 3.8141,              0.0018812,              0.0018812,              0.0018812
                     14,                 2.5952,                 2.6128,                 3.1274,                0.08116,                0.11243,                0.03447,                 0.0107,                 3.1797,                 5.4945,                 3.9392,              0.0018713,              0.0018713,              0.0018713
                     15,                 2.5378,                 2.5992,                 3.0051,                0.07604,                0.06509,                0.02293,                0.00531,                 3.1265,                 15.791,                 15.607,              0.0018614,              0.0018614,              0.0018614
                     16,                  2.566,                 2.6265,                 3.0183,                0.13902,                0.26627,                0.09086,                0.02626,                  3.028,                 14.019,                 4.6012,              0.0018515,              0.0018515,              0.0018515
                     17,                 2.4865,                 2.5337,                 2.9744,                0.19867,                0.49704,                0.25625,                0.07872,                 2.5626,                 14.457,                 3.7144,              0.0018416,              0.0018416,              0.0018416
                     18,                 2.4019,                 2.4547,                 2.8721,                 0.2895,                0.36686,                 0.2499,                0.08338,                 2.2888,                 14.255,                 3.6515,              0.0018317,              0.0018317,              0.0018317
                     19,                 2.4267,                 2.4135,                 2.8321,                0.18759,                0.50888,                0.25355,                0.08052,                 2.7199,                 17.054,                 4.6871,              0.0018218,              0.0018218,              0.0018218
                     20,                 2.4564,                 2.3839,                  2.876,                0.25624,                0.14201,                0.09705,                0.03479,                 2.9996,                 4.0071,                   4.29,              0.0018119,              0.0018119,              0.0018119
                     21,                 2.3646,                 2.2931,                 2.7695,                0.07503,                0.49112,                0.05769,                0.01847,                 2.5675,                 4.1497,                 3.4376,               0.001802,               0.001802,               0.001802
                     22,                 2.3225,                 2.3455,                 2.7467,                0.22908,                0.30769,                0.19981,                0.05617,                 2.1248,                  9.912,                 2.6917,              0.0017921,              0.0017921,              0.0017921
                     23,                 2.3088,                 2.2064,                 2.8368,                0.13774,                0.35503,                0.11822,                0.03922,                 2.6601,                 12.687,                 3.5837,              0.0017822,              0.0017822,              0.0017822
                     24,                 2.3138,                 2.1487,                 2.7852,                0.32129,                0.43787,                0.26574,                0.08675,                 2.2916,                 7.7076,                 3.0599,              0.0017723,              0.0017723,              0.0017723
                     25,                  2.165,                 2.1013,                 2.6575,                0.30865,                0.47337,                 0.2689,                 0.0947,                  2.457,                 3.5295,                 3.1828,              0.0017624,              0.0017624,              0.0017624
                     26,                 2.2603,                 2.2328,                 2.6367,                0.31485,                0.36095,                0.23445,                0.07112,                 2.6544,                 2.7641,                 3.1768,              0.0017525,              0.0017525,              0.0017525
                     27,                 2.3095,                 2.2209,                 2.7424,                0.13717,                0.16568,                0.06933,                0.02342,                 3.0556,                 3.5884,                 3.5336,              0.0017426,              0.0017426,              0.0017426
                     28,                 2.2809,                 2.1034,                 2.7226,                0.33206,                0.57396,                 0.3763,                0.12004,                 2.0435,                 3.1926,                 2.5139,              0.0017327,              0.0017327,              0.0017327
                     29,                 2.2319,                 2.1721,                  2.636,                 0.3378,                0.43195,                0.32939,                0.12399,                 1.9218,                 2.6403,                 2.4739,              0.0017228,              0.0017228,              0.0017228
                     30,                  2.295,                 2.2095,                 2.6766,                0.27139,                0.36686,                0.23947,                  0.084,                 1.9823,                 3.6888,                 2.7197,              0.0017129,              0.0017129,              0.0017129
                     31,                 2.2045,                  2.085,                 2.6428,                0.20865,                0.85799,                0.28994,                0.11441,                 1.8622,                 3.0326,                 2.3412,               0.001703,               0.001703,               0.001703
                     32,                 2.2053,                 2.0846,                 2.5854,                0.22775,                 0.4142,                0.22348,                0.08097,                 1.9799,                 4.2335,                 2.4781,              0.0016931,              0.0016931,              0.0016931
                     33,                 2.1889,                 2.0564,                 2.5462,                0.37898,                0.45562,                0.33032,                0.10364,                  1.957,                 3.6506,                 2.4511,              0.0016832,              0.0016832,              0.0016832
                     34,                 2.2009,                 2.1125,                 2.5356,                 0.3306,                 0.4142,                0.28396,                0.10847,                 1.7632,                 3.4058,                 2.2925,              0.0016733,              0.0016733,              0.0016733
                     35,                 2.0833,                 2.0075,                 2.5237,                0.23046,                0.78698,                0.32544,                0.12019,                 1.8164,                 2.7281,                 2.3498,              0.0016634,              0.0016634,              0.0016634
                     36,                 2.0961,                  1.994,                 2.5577,                 0.2604,                0.78751,                0.35314,                 0.1319,                 1.8941,                 2.4919,                 2.4333,              0.0016535,              0.0016535,              0.0016535
                     37,                 2.1039,                 1.9909,                 2.5927,                0.28429,                0.76331,                0.36597,                0.14342,                 1.9102,                 2.2344,                 2.4123,              0.0016436,              0.0016436,              0.0016436
                     38,                 2.0783,                 1.8821,                 2.5244,                0.29783,                0.34911,                 0.2929,                0.09911,                 2.0551,                 2.9581,                 2.6145,              0.0016337,              0.0016337,              0.0016337
                     39,                 2.0445,                 1.9896,                 2.3978,                 0.3217,                0.73373,                0.39008,                0.15531,                 1.8135,                 2.7803,                 2.2436,              0.0016238,              0.0016238,              0.0016238
                     40,                 2.0777,                 1.9809,                 2.5372,                0.56069,                0.73373,                 0.6492,                0.27205,                 1.8221,                  2.057,                 2.2375,              0.0016139,              0.0016139,              0.0016139
                     41,                  1.984,                 1.9065,                 2.4606,                0.33965,                0.74556,                0.48516,                0.18338,                 1.8432,                 2.0589,                 2.1892,               0.001604,               0.001604,               0.001604
                     42,                 2.0505,                 1.9695,                 2.4626,                0.19322,                0.44379,                0.26284,                0.08984,                  1.936,                  4.272,                 2.4265,              0.0015941,              0.0015941,              0.0015941
                     43,                 2.0884,                 1.9746,                 2.5394,                0.24079,                 0.6568,                0.29549,                 0.1236,                 1.9328,                  3.462,                 2.2951,              0.0015842,              0.0015842,              0.0015842
                     44,                  2.004,                 1.9082,                 2.4547,                0.21243,                0.55621,                 0.2196,                0.07615,                 2.0862,                 2.5985,                 2.4104,              0.0015743,              0.0015743,              0.0015743
                     45,                 1.9418,                 1.8531,                 2.4353,                0.26281,                0.71006,                 0.3484,                0.15643,                 1.8715,                  3.123,                 2.2877,              0.0015644,              0.0015644,              0.0015644
                     46,                 1.9733,                 1.9277,                 2.4461,                0.20686,                 0.6213,                0.32097,                0.12052,                 1.7686,                 2.9506,                 2.2914,              0.0015545,              0.0015545,              0.0015545
                     47,                 2.0438,                 1.8766,                 2.4223,                0.26425,                0.67456,                0.33913,                0.15231,                  1.754,                 2.4906,                 2.2062,              0.0015446,              0.0015446,              0.0015446
                     48,                 1.8423,                 1.7707,                 2.2829,                0.26156,                0.61538,                0.28787,                0.10877,                  1.924,                 2.8957,                 2.4671,              0.0015347,              0.0015347,              0.0015347
                     49,                 1.9322,                 1.8058,                 2.4215,                0.30472,                0.69243,                0.38283,                0.17327,                 1.6007,                 2.0209,                 2.1269,              0.0015248,              0.0015248,              0.0015248
                     50,                 1.9019,                 1.8127,                 2.3515,                0.33771,                0.74556,                0.37114,                0.14198,                 1.6684,                 2.0887,                  2.149,              0.0015149,              0.0015149,              0.0015149
                     51,                 1.9301,                 1.8903,                 2.3024,                0.39101,                 0.6568,                0.41256,                0.16541,                 1.8337,                 2.0018,                 2.2146,               0.001505,               0.001505,               0.001505
                     52,                 1.9071,                 1.8219,                 2.3374,                0.43353,                0.76331,                 0.5721,                0.24175,                 1.6327,                 1.9141,                 2.0623,              0.0014951,              0.0014951,              0.0014951
                     53,                 1.8009,                 1.7429,                  2.236,                0.50115,                 0.8284,                0.64243,                0.27248,                  1.582,                 1.8367,                 2.0092,              0.0014852,              0.0014852,              0.0014852
                     54,                 1.8133,                 1.7321,                 2.2035,                0.60393,                0.69822,                0.71366,                0.32717,                 1.5633,                  1.719,                 1.9954,              0.0014753,              0.0014753,              0.0014753
                     55,                 1.8117,                 1.7283,                 2.2561,                0.62226,                0.65089,                0.67848,                0.28951,                 1.6321,                 1.7669,                 2.0687,              0.0014654,              0.0014654,              0.0014654
                     56,                 1.8717,                 1.7245,                  2.253,                0.56039,                0.69231,                 0.6644,                 0.2659,                 1.7084,                 1.9393,                 2.1067,              0.0014555,              0.0014555,              0.0014555
                     57,                 1.9036,                 1.7067,                 2.2807,                0.66809,                0.63314,                0.74806,                0.33576,                 1.6601,                 1.6075,                 2.0264,              0.0014456,              0.0014456,              0.0014456
                     58,                 1.8535,                 1.7568,                 2.2256,                0.67475,                0.66288,                0.74726,                0.35493,                 1.6182,                 1.5906,                 2.0304,              0.0014357,              0.0014357,              0.0014357
                     59,                 1.7332,                 1.6895,                 2.2222,                0.59361,                0.71006,                0.61304,                0.26316,                 1.7014,                 1.6107,                 2.0858,              0.0014258,              0.0014258,              0.0014258
                     60,                 1.8934,                 1.7993,                 2.3638,                 0.5723,                0.68884,                0.61165,                0.25292,                 1.7199,                 1.6585,                 2.0918,              0.0014159,              0.0014159,              0.0014159
                     61,                 1.8355,                 1.7564,                 2.3106,                0.57396,                 0.6568,                0.63646,                  0.282,                 1.6448,                 1.6263,                 2.0383,               0.001406,               0.001406,               0.001406
                     62,                 1.8323,                  1.731,                 2.1914,                0.71188,                0.57988,                0.72188,                0.33011,                 1.6457,                 1.5405,                 2.0624,              0.0013961,              0.0013961,              0.0013961
                     63,                 1.9138,                 1.8656,                 2.3533,                0.63727,                0.72189,                 0.7691,                0.35776,                  1.735,                 1.5242,                 2.1407,              0.0013862,              0.0013862,              0.0013862
                     64,                 1.8115,                 1.6831,                 2.2338,                0.79591,                0.66864,                0.77798,                0.36037,                 1.6618,                 1.4619,                 2.0937,              0.0013763,              0.0013763,              0.0013763
                     65,                  1.772,                 1.6416,                  2.198,                0.75972,                0.69231,                0.75231,                0.34027,                 1.4358,                 1.5899,                 1.9044,              0.0013664,              0.0013664,              0.0013664
                     66,                 1.7343,                 1.6609,                 2.2051,                0.72776,                0.75148,                 0.7764,                0.35241,                  1.523,                  1.446,                 1.9621,              0.0013565,              0.0013565,              0.0013565
                     67,                  1.803,                 1.6618,                 2.2305,                0.74854,                0.79265,                0.75757,                0.34629,                 1.5483,                 1.4324,                 1.9864,              0.0013466,              0.0013466,              0.0013466
                     68,                 1.8104,                 1.6828,                 2.1749,                0.78626,                 0.7574,                0.82417,                0.38008,                 1.5754,                  1.392,                 1.9735,              0.0013367,              0.0013367,              0.0013367
                     69,                  1.819,                 1.6423,                  2.227,                0.67728,                0.76923,                0.73857,                 0.3125,                 1.4903,                 1.6197,                 1.8985,              0.0013268,              0.0013268,              0.0013268
                     70,                 1.7043,                 1.6513,                 2.1631,                0.53573,                0.76923,                0.57221,                0.25703,                 1.4943,                 1.6556,                 1.9016,              0.0013169,              0.0013169,              0.0013169
                     71,                 1.7448,                 1.7064,                  2.238,                0.56544,                0.78107,                0.69711,                0.29023,                 1.5573,                 1.6143,                 1.9497,               0.001307,               0.001307,               0.001307
                     72,                 1.7207,                 1.6234,                  2.202,                0.59744,                0.80792,                0.67438,                0.31561,                  1.421,                 1.6822,                 1.8429,              0.0012971,              0.0012971,              0.0012971
                     73,                  1.772,                 1.6571,                 2.2557,                0.57398,                 0.7733,                0.66225,                0.31332,                 1.4511,                 1.6784,                 1.8516,              0.0012872,              0.0012872,              0.0012872
                     74,                 1.7729,                 1.5981,                 2.2045,                0.58366,                0.84024,                0.63353,                0.27872,                 1.5211,                 1.5642,                 1.9094,              0.0012773,              0.0012773,              0.0012773
                     75,                 1.7527,                 1.5986,                 2.1291,                0.52364,                0.88166,                0.62499,                0.25565,                 1.5312,                 1.5999,                 1.9536,              0.0012674,              0.0012674,              0.0012674
                     76,                 1.7415,                 1.5648,                 2.1759,                0.65785,                 0.7574,                0.78955,                0.35455,                 1.3963,                 1.4478,                 1.8508,              0.0012575,              0.0012575,              0.0012575
                     77,                 1.6614,                 1.5991,                 2.1264,                0.73415,                0.71006,                0.75994,                0.35213,                 1.4509,                 1.4924,                 1.8503,              0.0012476,              0.0012476,              0.0012476
                     78,                 1.6997,                 1.6544,                  2.205,                0.77116,                0.81657,                0.85918,                0.42734,                 1.4127,                 1.4971,                 1.8063,              0.0012377,              0.0012377,              0.0012377
                     79,                 1.6481,                 1.6141,                 2.1331,                0.66317,                0.86391,                0.82952,                0.38063,                   1.52,                 1.6202,                  1.884,              0.0012278,              0.0012278,              0.0012278
                     80,                 1.7237,                 1.5496,                 2.1528,                0.75004,                0.78107,                0.85189,                0.40343,                 1.4395,                 1.6076,                  1.845,              0.0012179,              0.0012179,              0.0012179
                     81,                 1.6696,                 1.5403,                 2.1347,                0.76363,                 0.8284,                0.83941,                0.38253,                 1.5957,                 1.4279,                 1.9308,               0.001208,               0.001208,               0.001208
                     82,                 1.7473,                 1.6189,                 2.1697,                 0.7333,                0.85799,                 0.8322,                 0.4026,                 1.4347,                 1.4238,                 1.8664,              0.0011981,              0.0011981,              0.0011981
                     83,                 1.6803,                 1.6178,                 2.1753,                0.61806,                0.90533,                0.69614,                0.32977,                 1.4661,                  1.541,                 1.8633,              0.0011882,              0.0011882,              0.0011882
                     84,                 1.6783,                 1.5816,                 2.1034,                0.57533,                0.88181,                 0.6977,                0.32934,                 1.5134,                 1.5684,                 1.8899,              0.0011783,              0.0011783,              0.0011783
                     85,                 1.6723,                  1.617,                 2.1367,                0.71717,                0.81022,                0.85079,                0.41847,                 1.4405,                 1.3734,                 1.9133,              0.0011684,              0.0011684,              0.0011684
                     86,                 1.6855,                 1.5691,                 2.1374,                0.77741,                0.80473,                0.88173,                0.39841,                 1.5093,                 1.2847,                 1.9352,              0.0011585,              0.0011585,              0.0011585
                     87,                 1.7716,                 1.6276,                 2.2386,                0.71185,                0.84024,                0.80919,                0.38414,                 1.3808,                 1.3576,                 1.8669,              0.0011486,              0.0011486,              0.0011486
                     88,                 1.6209,                 1.5721,                 2.0775,                0.51584,                0.72502,                0.62632,                0.28787,                 1.5098,                   1.77,                 1.9669,              0.0011387,              0.0011387,              0.0011387
                     89,                 1.6011,                 1.5812,                 2.1227,                0.64739,                0.87574,                0.75961,                0.38106,                 1.4258,                  1.497,                 1.8419,              0.0011288,              0.0011288,              0.0011288
                     90,                 1.6779,                 1.5928,                  2.181,                 0.7748,                0.73964,                0.76905,                0.35407,                 1.4409,                 1.4165,                 1.8551,              0.0011189,              0.0011189,              0.0011189
                     91,                 1.6551,                  1.572,                 2.0909,                0.68363,                0.78107,                 0.8119,                0.41705,                 1.4164,                 1.4019,                 1.8564,               0.001109,               0.001109,               0.001109
                     92,                 1.6581,                  1.541,                 2.0651,                0.57665,                 0.7574,                0.66166,                0.30584,                 1.4722,                 1.6453,                 1.8745,              0.0010991,              0.0010991,              0.0010991
                     93,                 1.7189,                 1.6519,                 2.1481,                0.72541,                0.80473,                0.81922,                0.41797,                 1.3487,                 1.4245,                 1.7576,              0.0010892,              0.0010892,              0.0010892
                     94,                 1.6046,                 1.5897,                 2.1075,                0.78757,                0.76923,                0.86192,                0.44962,                 1.3347,                 1.3541,                 1.7402,              0.0010793,              0.0010793,              0.0010793
                     95,                 1.5627,                 1.5178,                 2.0029,                  0.641,                0.61538,                0.69679,                0.26937,                 1.7264,                 1.6859,                 2.1335,              0.0010694,              0.0010694,              0.0010694
                     96,                 1.6472,                 1.6082,                 2.0821,                0.30637,                0.36686,                0.22964,                0.07667,                 2.3537,                 3.0188,                 3.0613,              0.0010595,              0.0010595,              0.0010595
                     97,                 1.5451,                 1.4872,                   1.95,                0.31017,                0.31361,                0.22016,                0.07618,                 2.2817,                 3.0607,                 3.0235,              0.0010496,              0.0010496,              0.0010496
                     98,                 1.6276,                 1.5422,                 2.0264,                0.68252,                0.78107,                0.70751,                0.33834,                 1.5878,                 1.4773,                 1.9956,              0.0010397,              0.0010397,              0.0010397
                     99,                 1.6218,                 1.4976,                 2.0324,                0.77947,                0.77383,                0.84524,                0.41251,                  1.465,                 1.3074,                 1.8533,              0.0010298,              0.0010298,              0.0010298
                    100,                 1.6489,                 1.5615,                 2.0584,                0.80367,                0.80473,                0.86531,                0.42396,                 1.3618,                 1.4271,                 1.7707,              0.0010199,              0.0010199,              0.0010199
                    101,                 1.6104,                 1.5061,                 2.0698,                0.73127,                0.86982,                0.85402,                0.43783,                 1.3191,                 1.5079,                 1.7237,                0.00101,                0.00101,                0.00101
                    102,                 1.5825,                 1.5299,                 1.9979,                  0.785,                0.86417,                0.88057,                0.44533,                  1.347,                 1.4097,                  1.751,              0.0010001,              0.0010001,              0.0010001
                    103,                 1.5819,                 1.5436,                 2.0379,                0.80069,                0.86982,                0.87843,                0.45467,                 1.3735,                 1.2917,                 1.8002,              0.0009902,              0.0009902,              0.0009902
                    104,                  1.592,                 1.5821,                 2.0802,                0.76577,                0.79316,                0.88589,                0.46696,                 1.3511,                  1.257,                 1.7639,              0.0009803,              0.0009803,              0.0009803
                    105,                 1.6093,                 1.5161,                 2.0577,                0.83538,                0.73964,                0.89172,                0.45509,                 1.3936,                 1.2481,                 1.7947,              0.0009704,              0.0009704,              0.0009704
                    106,                 1.6212,                 1.5264,                 2.0593,                0.76171,                0.71878,                0.86226,                 0.4712,                 1.3504,                 1.2604,                 1.7665,              0.0009605,              0.0009605,              0.0009605
                    107,                 1.6086,                 1.5485,                 1.9977,                0.71833,                0.79978,                0.85207,                0.45747,                 1.4109,                 1.3159,                 1.8193,              0.0009506,              0.0009506,              0.0009506
                    108,                 1.5777,                 1.4923,                 2.0007,                0.69542,                0.84024,                0.85285,                0.45682,                 1.3923,                 1.2601,                 1.8121,              0.0009407,              0.0009407,              0.0009407
                    109,                 1.5843,                 1.5138,                 2.0077,                0.73676,                0.78698,                0.86228,                0.46635,                 1.3569,                 1.2294,                  1.781,              0.0009308,              0.0009308,              0.0009308
                    110,                 1.5868,                  1.508,                  2.038,                0.78298,                0.76923,                0.85661,                0.43542,                 1.3967,                 1.2466,                 1.7954,              0.0009209,              0.0009209,              0.0009209
                    111,                 1.4878,                 1.4744,                 1.9893,                0.63422,                0.85207,                0.83786,                0.44988,                 1.3914,                 1.3044,                 1.8422,               0.000911,               0.000911,               0.000911
                    112,                 1.5581,                 1.5446,                 2.0293,                0.64512,                0.87129,                0.79054,                0.41102,                 1.3784,                 1.4111,                 1.7516,              0.0009011,              0.0009011,              0.0009011
                    113,                 1.5865,                 1.5954,                  2.024,                0.60936,                0.86391,                0.78654,                 0.3981,                 1.3849,                 1.4367,                 1.7498,              0.0008912,              0.0008912,              0.0008912
                    114,                  1.507,                 1.4882,                 2.0193,                0.58779,                0.88166,                0.80426,                0.41433,                 1.3869,                 1.4526,                 1.7873,              0.0008813,              0.0008813,              0.0008813
                    115,                 1.5231,                   1.43,                 1.9662,                0.63979,                0.90533,                0.80568,                0.41024,                  1.373,                 1.3738,                  1.776,              0.0008714,              0.0008714,              0.0008714
                    116,                 1.5751,                 1.5426,                 2.0687,                 0.7591,                0.89349,                 0.8978,                0.48692,                 1.4392,                 1.2434,                 1.8832,              0.0008615,              0.0008615,              0.0008615
                    117,                 1.5164,                 1.4472,                 1.9559,                0.80088,                 0.8284,                0.90253,                0.49835,                 1.3082,                 1.2018,                 1.7571,              0.0008516,              0.0008516,              0.0008516
                    118,                  1.577,                  1.433,                 2.0101,                0.77249,                0.86391,                0.90288,                0.52201,                 1.2957,                 1.1918,                  1.758,              0.0008417,              0.0008417,              0.0008417
                    119,                 1.5458,                 1.4276,                 2.0054,                0.78027,                0.90533,                0.87209,                0.45007,                 1.3321,                 1.2616,                 1.8158,              0.0008318,              0.0008318,              0.0008318
                    120,                 1.4893,                 1.4145,                 1.9548,                 0.7638,                0.94083,                  0.878,                0.45631,                 1.3063,                  1.236,                 1.7302,              0.0008219,              0.0008219,              0.0008219
                    121,                  1.569,                  1.487,                  2.024,                0.81078,                0.92308,                 0.9173,                 0.5319,                 1.2896,                  1.188,                 1.7074,               0.000812,               0.000812,               0.000812
                    122,                 1.5732,                 1.4779,                 1.9986,                0.84383,                0.89523,                0.94967,                0.52219,                 1.3336,                 1.2151,                 1.7263,              0.0008021,              0.0008021,              0.0008021
                    123,                 1.5299,                 1.4491,                 1.9991,                0.83633,                0.86391,                0.92689,                0.47051,                 1.4054,                 1.2543,                 1.7594,              0.0007922,              0.0007922,              0.0007922
                    124,                 1.5296,                 1.4576,                 1.9917,                0.86467,                0.82249,                 0.9206,                0.49012,                 1.3443,                  1.232,                 1.7376,              0.0007823,              0.0007823,              0.0007823
                    125,                 1.4916,                 1.4277,                 1.9763,                0.79052,                0.79882,                0.89335,                0.46333,                 1.3496,                  1.229,                 1.7638,              0.0007724,              0.0007724,              0.0007724
                    126,                 1.4463,                 1.4769,                 1.9473,                0.73161,                0.85799,                0.83342,                0.38671,                 1.4969,                 1.3158,                   1.92,              0.0007625,              0.0007625,              0.0007625
                    127,                 1.5259,                  1.492,                 1.9865,                0.75621,                0.89349,                0.86536,                0.40673,                  1.508,                 1.2816,                 1.9165,              0.0007526,              0.0007526,              0.0007526
                    128,                 1.5073,                 1.4245,                 1.9723,                 0.7865,                0.89349,                0.86023,                0.38346,                 1.5978,                 1.2804,                 1.9673,              0.0007427,              0.0007427,              0.0007427
                    129,                 1.5468,                 1.4394,                 2.0422,                0.80958,                0.89349,                0.89581,                0.42575,                 1.5058,                 1.2591,                 1.9019,              0.0007328,              0.0007328,              0.0007328
                    130,                 1.5229,                 1.4144,                  1.966,                0.87596,                0.91933,                0.94068,                0.50932,                 1.3975,                 1.1496,                 1.7771,              0.0007229,              0.0007229,              0.0007229
                    131,                 1.5569,                 1.4222,                 1.9848,                0.85001,                0.93892,                0.93194,                0.52868,                 1.3293,                 1.1337,                 1.7258,               0.000713,               0.000713,               0.000713
                    132,                 1.4833,                 1.4074,                 1.9185,                0.80603,                0.90533,                0.91051,                0.51264,                 1.3024,                 1.1556,                 1.6927,              0.0007031,              0.0007031,              0.0007031
                    133,                 1.5045,                  1.454,                 1.9774,                0.82502,                 0.7929,                 0.8903,                0.50706,                  1.312,                 1.1603,                 1.7016,              0.0006932,              0.0006932,              0.0006932
                    134,                 1.4626,                 1.3814,                 1.9326,                0.88726,                0.84615,                0.91751,                0.50848,                 1.3245,                 1.1441,                 1.7288,              0.0006833,              0.0006833,              0.0006833
                    135,                 1.4827,                 1.3962,                 1.9119,                0.87281,                0.81211,                0.91626,                0.50948,                 1.3017,                 1.1256,                 1.7224,              0.0006734,              0.0006734,              0.0006734
                    136,                 1.5313,                 1.4109,                 1.9605,                0.79169,                0.88757,                  0.921,                0.52321,                 1.2758,                  1.072,                  1.681,              0.0006635,              0.0006635,              0.0006635
                    137,                 1.4985,                 1.4553,                 1.9601,                0.84388,                0.92754,                 0.9174,                0.52363,                 1.2924,                 1.0774,                 1.6943,              0.0006536,              0.0006536,              0.0006536
                    138,                 1.4234,                 1.3646,                 1.9006,                 0.8605,                 0.9125,                0.91702,                0.50982,                 1.3247,                    1.1,                 1.7238,              0.0006437,              0.0006437,              0.0006437
                    139,                 1.3848,                 1.3368,                 1.8673,                0.85959,                0.89349,                0.94346,                0.53363,                 1.3365,                 1.0846,                 1.7212,              0.0006338,              0.0006338,              0.0006338
                    140,                 1.5344,                 1.4004,                 1.9415,                0.83286,                0.88457,                0.92341,                 0.5237,                 1.3579,                 1.0987,                 1.7473,              0.0006239,              0.0006239,              0.0006239
                    141,                 1.5172,                 1.3718,                 1.9722,                0.90329,                0.91716,                0.94695,                0.54262,                 1.2632,                 1.0824,                 1.6727,               0.000614,               0.000614,               0.000614
                    142,                 1.4841,                 1.3888,                 1.9625,                0.84429,                0.90533,                0.93006,                0.53622,                 1.2553,                 1.0809,                 1.6694,              0.0006041,              0.0006041,              0.0006041
                    143,                 1.4684,                 1.3762,                 1.9225,                0.84592,                 0.9096,                0.90915,                0.53766,                 1.3386,                 1.0879,                 1.7063,              0.0005942,              0.0005942,              0.0005942
                    144,                 1.4562,                 1.3553,                 1.8896,                0.83782,                0.86391,                0.92007,                0.51133,                 1.3596,                 1.1233,                 1.7284,              0.0005843,              0.0005843,              0.0005843
                    145,                 1.4863,                 1.4518,                 1.9288,                0.80619,                0.86982,                0.91145,                0.45889,                 1.4686,                  1.156,                 1.8091,              0.0005744,              0.0005744,              0.0005744
                    146,                 1.4763,                 1.4003,                  1.926,                0.85067,                0.84273,                0.92361,                0.47596,                 1.4357,                 1.1472,                 1.7714,              0.0005645,              0.0005645,              0.0005645
                    147,                 1.4897,                 1.3948,                 1.9266,                0.86083,                0.86391,                0.92925,                0.51185,                 1.2984,                 1.1145,                 1.6751,              0.0005546,              0.0005546,              0.0005546
                    148,                 1.4372,                 1.3367,                 1.9074,                0.84315,                0.86391,                 0.9145,                0.51472,                 1.2406,                 1.1425,                 1.6474,              0.0005447,              0.0005447,              0.0005447
                    149,                  1.473,                 1.3785,                 1.8902,                0.81874,                0.88201,                0.91059,                0.52552,                 1.2306,                 1.1271,                 1.6218,              0.0005348,              0.0005348,              0.0005348
                    150,                 1.4775,                 1.3897,                 1.9422,                0.67428,                0.85799,                0.81732,                0.40928,                 1.3299,                 1.2806,                 1.7006,              0.0005249,              0.0005249,              0.0005249
                    151,                  1.443,                 1.4617,                 1.9223,                0.71439,                0.84024,                 0.8136,                0.43327,                 1.3051,                 1.2225,                 1.6958,               0.000515,               0.000515,               0.000515
                    152,                 1.5021,                 1.3646,                 1.9586,                0.79233,                0.89349,                0.89624,                0.51432,                 1.2326,                  1.108,                 1.6557,              0.0005051,              0.0005051,              0.0005051
                    153,                 1.4391,                 1.3768,                 1.8593,                0.82123,                0.89701,                0.91494,                0.53143,                 1.2581,                 1.0803,                 1.6714,              0.0004952,              0.0004952,              0.0004952
                    154,                 1.4649,                 1.3658,                 1.9392,                0.79389,                0.91166,                0.92927,                0.52476,                 1.2918,                 1.0866,                 1.6813,              0.0004853,              0.0004853,              0.0004853
                    155,                 1.4335,                 1.3313,                 1.9006,                0.77543,                0.91716,                0.91318,                0.49767,                 1.3243,                 1.1126,                 1.7025,              0.0004754,              0.0004754,              0.0004754
                    156,                 1.4446,                 1.3527,                 1.8958,                0.81971,                0.91472,                0.94415,                0.53227,                 1.2811,                 1.0699,                 1.6517,              0.0004655,              0.0004655,              0.0004655
                    157,                 1.4535,                 1.3962,                 1.8896,                0.87363,                0.92308,                 0.9637,                  0.549,                 1.2523,                 1.0485,                 1.6308,              0.0004556,              0.0004556,              0.0004556
                    158,                 1.4314,                 1.3611,                 1.8457,                0.85284,                0.88757,                0.95437,                0.53894,                 1.2594,                 1.0795,                 1.6491,              0.0004457,              0.0004457,              0.0004457
                    159,                 1.4303,                 1.3007,                 1.8624,                0.79761,                0.88616,                0.91102,                 0.4975,                 1.2497,                  1.162,                 1.6422,              0.0004358,              0.0004358,              0.0004358
                    160,                 1.4336,                  1.364,                 1.8872,                 0.7481,                0.86982,                0.88585,                0.49248,                 1.2751,                 1.1728,                 1.6578,              0.0004259,              0.0004259,              0.0004259
                    161,                 1.4908,                  1.386,                 1.9126,                0.87518,                0.91272,                0.94651,                0.52703,                 1.2797,                  1.084,                 1.6673,               0.000416,               0.000416,               0.000416
                    162,                 1.3736,                   1.26,                 1.8266,                0.86202,                0.89941,                0.94175,                0.53398,                  1.255,                 1.0611,                 1.6445,              0.0004061,              0.0004061,              0.0004061
                    163,                 1.4243,                 1.2996,                 1.8661,                0.81256,                0.92308,                0.93502,                 0.5554,                 1.2586,                 1.0447,                 1.6421,              0.0003962,              0.0003962,              0.0003962
                    164,                 1.4068,                 1.2937,                 1.9066,                  0.833,                0.92899,                0.93833,                 0.5566,                 1.2334,                 1.0469,                 1.6252,              0.0003863,              0.0003863,              0.0003863
                    165,                 1.4257,                 1.2519,                 1.8423,                0.81064,                0.91194,                0.93068,                0.55642,                 1.2356,                 1.0458,                 1.6209,              0.0003764,              0.0003764,              0.0003764
                    166,                 1.4089,                 1.2994,                 1.8742,                0.83612,                0.92308,                0.93027,                0.53941,                  1.263,                 1.0496,                 1.6334,              0.0003665,              0.0003665,              0.0003665
                    167,                 1.4624,                 1.3199,                 1.8407,                0.88455,                0.95858,                0.95751,                0.55286,                 1.2493,                 1.0445,                 1.6202,              0.0003566,              0.0003566,              0.0003566
                    168,                 1.4435,                 1.2752,                 1.8469,                0.89873,                0.94524,                0.96717,                0.57255,                 1.2226,                 1.0302,                 1.6112,              0.0003467,              0.0003467,              0.0003467
                    169,                 1.4187,                 1.3027,                 1.8925,                0.91981,                0.94083,                0.97317,                0.59255,                 1.2104,                 1.0112,                 1.6086,              0.0003368,              0.0003368,              0.0003368
                    170,                 1.3915,                 1.2925,                 1.8358,                0.92648,                0.91124,                0.96422,                0.58706,                  1.219,                 1.0114,                 1.6174,              0.0003269,              0.0003269,              0.0003269
                    171,                  1.445,                 1.2833,                 1.8089,                0.91786,                0.91124,                0.96776,                 0.5882,                 1.2259,                 1.0214,                 1.6204,               0.000317,               0.000317,               0.000317
                    172,                  1.394,                 1.2466,                 1.8443,                0.89795,                0.92308,                0.96163,                0.57478,                 1.2543,                 1.0281,                 1.6333,              0.0003071,              0.0003071,              0.0003071
                    173,                 1.4541,                 1.3151,                 1.8939,                0.91885,                0.91124,                0.96319,                0.57089,                  1.266,                 1.0063,                 1.6418,              0.0002972,              0.0002972,              0.0002972
                    174,                 1.4337,                 1.3034,                  1.899,                0.90726,                0.89349,                0.95811,                0.54767,                 1.2665,                 1.0113,                 1.6527,              0.0002873,              0.0002873,              0.0002873
                    175,                 1.4299,                 1.2813,                 1.8803,                0.94973,                 0.8943,                0.97022,                0.56134,                  1.237,                 1.0225,                 1.6406,              0.0002774,              0.0002774,              0.0002774
                    176,                 1.3567,                 1.2679,                 1.8213,                0.92841,                 0.9208,                0.96517,                 0.5878,                 1.1945,                 1.0164,                 1.6085,              0.0002675,              0.0002675,              0.0002675
                    177,                 1.4024,                 1.3394,                 1.8723,                0.90033,                0.90863,                0.96238,                0.58745,                 1.1978,                  1.027,                  1.603,              0.0002576,              0.0002576,              0.0002576
                    178,                 1.3532,                 1.2724,                 1.8352,                0.89887,                0.89941,                0.95836,                 0.5794,                  1.207,                 1.0296,                 1.6077,              0.0002477,              0.0002477,              0.0002477
                    179,                 1.4119,                 1.2712,                 1.8708,                0.91797,                0.91716,                0.96758,                0.58407,                 1.2166,                  1.019,                 1.6167,              0.0002378,              0.0002378,              0.0002378
                    180,                 1.4085,                 1.3002,                 1.8412,                0.90792,                0.93348,                0.95905,                0.58818,                 1.2166,                 1.0074,                 1.6136,              0.0002279,              0.0002279,              0.0002279
                    181,                 1.3953,                 1.2273,                  1.816,                0.93709,                0.92899,                0.95767,                0.58627,                 1.2151,                 1.0032,                 1.6098,               0.000218,               0.000218,               0.000218
                    182,                 1.3642,                  1.238,                 1.8194,                0.92814,                 0.9171,                0.96122,                0.56387,                 1.2463,                 1.0203,                 1.6308,              0.0002081,              0.0002081,              0.0002081
                    183,                 1.4339,                 1.3075,                 1.8548,                0.91763,                0.92282,                0.95906,                0.56029,                 1.2335,                 1.0138,                 1.6199,              0.0001982,              0.0001982,              0.0001982
                    184,                 1.3601,                 1.2566,                  1.823,                0.92382,                0.93285,                0.96602,                0.57561,                 1.2142,                0.99659,                 1.6032,              0.0001883,              0.0001883,              0.0001883
                    185,                 1.3985,                 1.2755,                 1.8133,                0.94493,                0.95266,                0.96863,                0.59112,                 1.1945,                0.98317,                 1.5888,              0.0001784,              0.0001784,              0.0001784
                    186,                 1.4178,                 1.3202,                 1.8743,                0.90581,                0.95266,                0.96929,                0.60094,                 1.1701,                0.98048,                 1.5741,              0.0001685,              0.0001685,              0.0001685
                    187,                  1.372,                 1.2356,                 1.8207,                0.92076,                0.94675,                0.96528,                0.60735,                 1.1524,                0.97646,                 1.5645,              0.0001586,              0.0001586,              0.0001586
                    188,                 1.4143,                 1.2317,                  1.776,                0.90717,                0.92899,                0.96406,                0.59893,                 1.1635,                0.98786,                 1.5669,              0.0001487,              0.0001487,              0.0001487
                    189,                 1.3399,                 1.2393,                  1.824,                0.90226,                0.92858,                0.96463,                0.59566,                 1.1915,                 1.0041,                 1.5836,              0.0001388,              0.0001388,              0.0001388
                    190,                 1.3286,                 1.2151,                 1.7286,                 0.9074,                0.92771,                0.95938,                0.56263,                 1.2119,                 1.0216,                 1.5981,              0.0001289,              0.0001289,              0.0001289
                    191,                 1.2525,                 1.1799,                 1.6919,                0.86436,                0.92899,                0.94018,                0.52948,                 1.2857,                  1.067,                 1.6466,               0.000119,               0.000119,               0.000119
                    192,                 1.3211,                 1.1833,                  1.741,                0.86254,                0.92899,                 0.9334,                0.48412,                 1.3681,                 1.1004,                 1.7062,              0.0001091,              0.0001091,              0.0001091
                    193,                 1.3319,                 1.1015,                 1.7135,                0.88773,                0.93577,                0.94453,                0.50205,                 1.3442,                 1.0793,                 1.6935,               9.92e-05,               9.92e-05,               9.92e-05
                    194,                 1.3072,                 1.1067,                 1.7311,                0.89635,                0.95266,                0.96043,                0.55018,                 1.2571,                 1.0152,                 1.6342,               8.93e-05,               8.93e-05,               8.93e-05
                    195,                 1.2638,                 1.0665,                 1.7144,                0.88576,                0.96344,                0.95758,                0.58027,                 1.1974,                0.95782,                 1.5916,               7.94e-05,               7.94e-05,               7.94e-05
                    196,                 1.2248,                 1.0209,                 1.6586,                0.89768,                0.95858,                0.95352,                0.59507,                 1.1715,                0.94433,                 1.5778,               6.95e-05,               6.95e-05,               6.95e-05
                    197,                 1.2425,                   1.03,                 1.6826,                0.89816,                 0.9645,                0.95644,                 0.5985,                 1.1662,                0.93892,                 1.5781,               5.96e-05,               5.96e-05,               5.96e-05
                    198,                 1.2527,                 1.0422,                 1.7223,                0.89915,                0.94675,                0.95292,                0.59991,                  1.154,                0.93823,                 1.5722,               4.97e-05,               4.97e-05,               4.97e-05
                    199,                 1.2502,                 1.0304,                 1.6657,                0.89486,                0.95266,                0.95671,                0.59579,                 1.1505,                0.93604,                 1.5703,               3.98e-05,               3.98e-05,               3.98e-05
